{"cameraMode":{"drawMode":0,"name":"Shaded","section":"Shading Mode"},"sceneLighting":true,"audioPlay":false,"sceneViewState":{"m_AlwaysRefresh":false,"showFog":true,"showSkybox":true,"showFlares":true,"showImageEffects":true,"showParticleSystems":true,"showVisualEffectGraphs":true,"m_FxEnabled":true},"in2DMode":false,"pivot":{"x":-20.058698654174806,"y":-13.005247116088868,"z":-11.360247611999512},"rotation":{"x":0.16661609709262849,"y":-0.5362421870231628,"z":0.10892337560653687,"w":0.8202643394470215},"size":30.755149841308595,"orthographic":false}